ξ,γ,C,actDCF,minDCF,ERROR RATE (%)
1,exp(-1),1e-05,1.0,1.0,50.4
1,exp(-1),3.1622776601683795e-05,1.0,0.329,6.75
1,exp(-1),0.0001,1.0,0.329,6.75
1,exp(-1),0.00031622776601683794,1.0,0.329,6.75
1,exp(-1),0.001,1.0,0.329,6.75
1,exp(-1),0.0031622776601683794,1.0,0.331,6.8
1,exp(-1),0.01,1.0,0.29,7.25
1,exp(-1),0.03162277660168379,1.0,0.272,6.3
1,exp(-1),0.1,1.0,0.236,5.25
1,exp(-1),0.31622776601683794,0.991,0.202,4.45
1,exp(-1),1.0,0.901,0.183,4.25
1,exp(-1),3.1622776601683795,0.715,0.188,4.2
1,exp(-1),10.0,0.537,0.229,4.05
1,exp(-1),31.622776601683793,0.411,0.268,4.5
1,exp(-1),100.0,0.375,0.329,5.1
1,exp(-2),1e-05,1.0,1.0,50.4
1,exp(-2),3.1622776601683795e-05,1.0,0.327,8.8
1,exp(-2),0.0001,1.0,0.327,8.8
1,exp(-2),0.00031622776601683794,1.0,0.327,8.8
1,exp(-2),0.001,1.0,0.327,8.8
1,exp(-2),0.0031622776601683794,1.0,0.324,7.85
1,exp(-2),0.01,1.0,0.298,7.3
1,exp(-2),0.03162277660168379,1.0,0.276,6.85
1,exp(-2),0.1,0.984,0.257,6.65
1,exp(-2),0.31622776601683794,0.798,0.249,5.75
1,exp(-2),1.0,0.675,0.236,5.3
1,exp(-2),3.1622776601683795,0.6,0.237,4.95
1,exp(-2),10.0,0.501,0.196,4.7
1,exp(-2),31.622776601683793,0.422,0.175,4.5
1,exp(-2),100.0,0.321,0.199,4.15
1,exp(-3),1e-05,1.0,1.0,50.4
1,exp(-3),3.1622776601683795e-05,1.0,0.336,9.75
1,exp(-3),0.0001,1.0,0.336,9.75
1,exp(-3),0.00031622776601683794,1.0,0.336,9.75
1,exp(-3),0.001,1.0,0.336,9.75
1,exp(-3),0.0031622776601683794,1.0,0.334,8.15
1,exp(-3),0.01,1.0,0.329,8.1
1,exp(-3),0.03162277660168379,0.976,0.313,7.65
1,exp(-3),0.1,0.836,0.29,7.1
1,exp(-3),0.31622776601683794,0.678,0.253,6.7
1,exp(-3),1.0,0.55,0.243,5.9
1,exp(-3),3.1622776601683795,0.467,0.239,5.55
1,exp(-3),10.0,0.441,0.241,5.5
1,exp(-3),31.622776601683793,0.441,0.243,5.55
1,exp(-3),100.0,0.433,0.25,5.4
1,exp(-4),1e-05,1.0,1.0,50.4
1,exp(-4),3.1622776601683795e-05,1.0,0.357,9.9
1,exp(-4),0.0001,1.0,0.357,9.9
1,exp(-4),0.00031622776601683794,1.0,0.357,9.9
1,exp(-4),0.001,1.0,0.357,9.9
1,exp(-4),0.0031622776601683794,1.0,0.357,9.6
1,exp(-4),0.01,1.0,0.346,8.85
1,exp(-4),0.03162277660168379,0.988,0.337,8.35
1,exp(-4),0.1,0.882,0.327,8.15
1,exp(-4),0.31622776601683794,0.708,0.315,7.9
1,exp(-4),1.0,0.595,0.281,7.2
1,exp(-4),3.1622776601683795,0.527,0.251,6.6
1,exp(-4),10.0,0.445,0.23,6.0
1,exp(-4),31.622776601683793,0.413,0.247,5.75
1,exp(-4),100.0,0.399,0.257,5.8
