ξ,d,C,actDCF,minDCF,ERROR RATE (%)
0,2,1e-05,1.0,1.0,50.4
0,2,3.1622776601683795e-05,1.0,0.245,7.8
0,2,0.0001,1.0,0.251,7.4
0,2,0.00031622776601683794,0.994,0.251,7.2
0,2,0.001,0.92,0.257,6.8
0,2,0.0031622776601683794,0.751,0.253,6.45
0,2,0.01,0.588,0.253,6.05
0,2,0.03162277660168379,0.467,0.245,6.05
0,2,0.1,0.411,0.248,5.85
0,2,0.31622776601683794,0.39,0.261,6.0
0,2,1.0,0.386,0.258,6.05
0,2,3.1622776601683795,0.382,0.268,6.0
0,2,10.0,0.38,0.272,6.1
0,2,31.622776601683793,0.375,0.271,6.15
0,2,100.0,0.372,0.281,6.15
